{"Base de Gutenberg":{"graphe":{},"closeness":{"48586_txt_utf-8":1.3804046147145286,"48648_txt_utf-8":1.4102474641418958,"15253_txt_utf-8":1.3755826424438025,"4636_txt_utf-8":1.4367035326755722,"47727-0_txt":1.3038887147924958,"49803-0_txt":1.2205178214821155,"22500_txt_utf-8":1.3674412337739343,"22361_txt_utf-8":1.1030578731890133,"8394-0_txt":1.4294288711235557,"50431-0_txt":1.3516912826796743,"55714_txt_utf-8":1.3749122130274065,"56308-0_txt":1.4483043645485745,"7233_txt_utf-8":1.06233489969033,"38482_txt_utf-8":1.3411775131056374,"18559_txt_utf-8":1.3411098352939694,"5573_txt_utf-8":1.3973433404976487,"3963_txt_utf-8":1.4022401353175344,"59751-0_txt":1.4405038829844947,"40649_txt_utf-8":1.3629932474327913,"38840_txt_utf-8":1.4099929785127119,"57404-0_txt":1.3960701267051703,"26341-0_txt":1.3327020949169497,"13052_txt_utf-8":1.3603809729377683,"29113_txt_utf-8":1.3946764001175533,"50171_txt_utf-8":1.3435102733119582,"46068-0_txt":1.3827091338638866,"56811-0_txt":1.393695721157385,"5528_txt_utf-8":1.3978840401549604,"57301-0_txt":1.3603630061985643,"49641-0_txt":1.2718132886677775,"5336_txt_utf-8":1.4495130070311475,"30569_txt_utf-8":1.358287259133727,"37634_txt_utf-8":1.084602779732469,"31583_txt_utf-8":1.3643534974666003,"44492_txt_utf-8":1.3802335652967375,"52601-0_txt":1.3830253728941335,"7336_txt_utf-8":1.3807363874993472,"46516-0_txt":1.2541303634994425,"39207_txt_utf-8":1.3938878255679175,"984_txt_utf-8":1.3530431893315424,"20440_txt_utf-8":1.1104525537071537,"35252_txt_utf-8":1.395686884582615,"6827_txt_utf-8":1.3624403941281862,"36056_txt_utf-8":1.082976188851398,"1433_txt_utf-8":1.422919432203042,"50457_txt_utf-8":1.3725394544751799,"57387-0_txt":1.1626996144065214,"17170-0_txt":1.3583682617148152,"9579_txt_utf-8":1.2916137488310808,"3490-0_txt":1.4124546169513341},"indexage":{}}}