{"Base de Gutenberg":{"graphe":{},"closeness":{"3830_txt_utf-8":1.3929427529012801,"54877-0_txt":1.3000768497283242,"8121_txt_utf-8":1.4135495928446593,"27866_txt_utf-8":1.424991889239931,"26323_txt_utf-8":1.2846506375910736,"41669_txt_utf-8":1.2553431060254392,"29772-0_txt":1.1172190095864136,"20334_txt_utf-8":1.3877252243747735,"22600_txt_utf-8":1.4029821805953047,"12580_txt_utf-8":1.2819667626662616,"50078-0_txt":1.4137613274804688,"21764-0_txt":1.3815388447555037,"6586_txt_utf-8":1.4288853902435648,"22799_txt_utf-8":1.4558004875730473,"43778-0_txt":1.0733446951091083,"37112_txt_utf-8":1.433411175340767,"1297-0_txt":1.3506483446345772,"4293_txt_utf-8":1.4405538207182125,"4177_txt_utf-8":1.4198918871250383,"4698-0_txt":1.4102143055111662,"12518_txt_utf-8":1.4120429385050741,"4334_txt_utf-8":1.3489435726786463,"17639_txt_utf-8":1.1166792626937612,"57693_txt_utf-8":1.469382322172467,"9610_txt_utf-8":1.3288299519775566,"51026-0_txt":1.4123787159885894,"26766_txt_utf-8":1.091480187964265,"1436_txt_utf-8":1.3679707289884426,"5873-0_txt":1.44408778889792,"19551_txt_utf-8":1.3949617684911728,"9989_txt_utf-8":1.3665005529088257,"15282_txt_utf-8":1.3386159354681657,"4634-0_txt":1.3460109662141653,"45343-0_txt":1.369851434477507,"16953_txt_utf-8":1.4733141528607945,"34936_txt_utf-8":1.3791446067183633,"55427-0_txt":1.343250826165932,"38659_txt_utf-8":1.3088112136823469,"1736_txt_utf-8":1.2851640994523954,"47108-0_txt":1.2675116341418362,"22118_txt_utf-8":1.3572622924688376,"48464_txt_utf-8":1.0853779382203927,"41522_txt_utf-8":1.076325698818711,"41158_txt_utf-8":1.3720118522848488,"23388_txt_utf-8":1.4650689747836436,"4814_txt_utf-8":1.3501429128929847,"32048-0_txt":1.3530258339293406,"27121_txt_utf-8":1.0750974830967024,"26191_txt_utf-8":1.3401587910539365,"22923_txt_utf-8":1.11852660683935},"indexage":{}}}