{"Base de Gutenberg":{"graphe":{},"closeness":{"46198-0_txt":1.3980819058331313,"55784-0_txt":1.4651644325107889,"41399_txt_utf-8":1.2948430999902707,"44825_txt_utf-8":1.0964177720024806,"30583_txt_utf-8":1.3484893975579921,"24214-0_txt":1.1174341301687345,"8138-0_txt":1.4547733363956272,"21547_txt_utf-8":1.4338761455370876,"15291_txt_utf-8":1.10575126517627,"33699_txt_utf-8":1.123586134210279,"49362_txt_utf-8":1.4468789472236536,"50396_txt_utf-8":1.4468521561328167,"51804_txt_utf-8":1.390619430795556,"5134-0_txt":1.390626545460757,"20811_txt_utf-8":1.3539099268973935,"25593_txt_utf-8":1.089814812232056,"29471_txt_utf-8":1.33083536639674,"6810_txt_utf-8":1.3206905453555826,"11361_txt_utf-8":1.407994237059089,"2828-0_txt":1.402025282356009,"15001_txt_utf-8":1.3995015929563133,"36241_txt_utf-8":1.3113994728198415,"11084_txt_utf-8":1.3298058926233731,"29539_txt_utf-8":1.0812229088641208,"56704-0_txt":1.2717382423455064,"28851_txt_utf-8":1.4040486122750746,"37991_txt_utf-8":1.094897861144434,"42952_txt_utf-8":1.3569576709332574,"52624-0_txt":1.2914073243182367,"43449-0_txt":1.3952103644546927,"4445_txt_utf-8":1.3964819826965749,"30908_txt_utf-8":1.415334904515484,"48316_txt_utf-8":1.0730893682161973,"39437_txt_utf-8":1.3623664855486621,"28671_txt_utf-8":1.450913845461807,"59116-0_txt":1.4247566075903562,"11127_txt_utf-8":1.4000983906434665,"4834_txt_utf-8":1.3672508399154997,"23575_txt_utf-8":1.382183045734157,"6514_txt_utf-8":1.3162304060390257,"12991_txt_utf-8":1.3480681471908378,"19544_txt_utf-8":1.0918720961277375,"44947_txt_utf-8":1.2805796121301936,"29837_txt_utf-8":1.0724066445056564,"20356_txt_utf-8":1.3586484496888704,"52190-0_txt":1.3489342089764227,"17644_txt_utf-8":1.1194071745291876,"19192_txt_utf-8":1.3360969182503306,"57670-0_txt":1.4692926053929567,"18953_txt_utf-8":1.3802209392217162},"indexage":{}}}