{"Base de Gutenberg":{"graphe":{},"closeness":{"33881_txt_utf-8":1.1245308996118515,"8240_txt_utf-8":1.2709752358708857,"18905_txt_utf-8":1.3267813863878675,"6496_txt_utf-8":1.064606764671143,"44790_txt_utf-8":1.3169943376827233,"54732-0_txt":1.3734083042751875,"48997_txt_utf-8":1.3686880491135591,"36537_txt_utf-8":1.3688607915677582,"41734_txt_utf-8":1.3492201508420059,"25052-0_txt":1.12218660849138,"8578_txt_utf-8":1.36161263043918,"31116_txt_utf-8":1.3665988778539064,"29690_txt_utf-8":1.3551947520929883,"43930_txt_utf-8":1.4360695111845323,"14719_txt_utf-8":1.1011597923899938,"19393-0_txt":1.3898006710951798,"16393_txt_utf-8":1.0965389735595228,"30933_txt_utf-8":1.0756057645894654,"43903-0_txt":1.1068496058951922,"32321_txt_utf-8":1.3414675976086468,"43530_txt_utf-8":1.3459585891162256,"47841-0_txt":1.3702219619283913,"24760_txt_utf-8":1.3639679587718423,"59863-0_txt":1.223790074607565,"1213_txt_utf-8":1.4595447036514126,"7517-0_txt":1.4407976702740635,"50998_txt_utf-8":1.4018247480128074,"56585-0_txt":1.3178584280582508,"38428_txt_utf-8":1.4110570415875965,"35211_txt_utf-8":1.3642099797159746,"49689_txt_utf-8":1.110720728615985,"17482-0_txt":1.0835442387728016,"2071-0_txt":1.418596839952181,"15188_txt_utf-8":1.3788981067446773,"17185_txt_utf-8":1.429559086271845,"57398-0_txt":1.3285170643641673,"1478_txt_utf-8":1.4524192833540412,"6022_txt_utf-8":1.3832639603200216,"44964_txt_utf-8":1.3355313130756814,"21015_txt_utf-8":1.388256848966782,"39338-0_txt":1.3818780956965382,"25794_txt_utf-8":1.356991570812356,"59203-0_txt":1.2938916967281315,"2135-0_txt":1.4175602653483124,"31542_txt_utf-8":1.4710049668439198,"49036-0_txt":1.2669476303494842,"29318_txt_utf-8":1.382321860833525,"59182-0_txt":1.4277908881403787,"607_txt_utf-8":1.0886998294787555,"50791_txt_utf-8":1.3590522017595168},"indexage":{}}}