{"Base de Gutenberg":{"graphe":{},"closeness":{"54602_txt_utf-8":1.3113827874354969,"9453_txt_utf-8":1.2291082846437515,"22495_txt_utf-8":1.4162162449777445,"52913_txt_utf-8":1.4090775313873836,"36091_txt_utf-8":1.354927402714181,"57879_txt_utf-8":1.0746416480139436,"19994_txt_utf-8":1.4330087923795611,"35709_txt_utf-8":1.3690677374914313,"17560_txt_utf-8":1.405197984403198,"31305-0_txt":1.3940576935967317,"59226-0_txt":1.1909793339007593,"34986_txt_utf-8":1.4147667398294668,"59885-0_txt":1.318113312478087,"40174_txt_utf-8":1.09602749549146,"20550-0_txt":1.0966303779950182,"12909_txt_utf-8":1.4452387188661733,"29552-0_txt":1.2448766301038874,"14573_txt_utf-8":1.3465372611803934,"49707-0_txt":1.2150940779906434,"1229_txt_utf-8":1.3337613783109987,"39248_txt_utf-8":1.4162015214824544,"58737-0_txt":1.1805897703849546,"50257-0_txt":1.390450976005649,"40199_txt_utf-8":1.3751610102788527,"4483_txt_utf-8":1.4057207324403862,"13581_txt_utf-8":1.0836439581933974,"30470_txt_utf-8":1.3785628149473372,"59136-0_txt":1.37646605858224,"424_txt_utf-8":1.3459989194406345,"32024_txt_utf-8":1.3519183290700907,"52824-0_txt":1.329784621307951,"35641_txt_utf-8":1.38514430001258,"8512_txt_utf-8":1.3669875952388444,"19205_txt_utf-8":1.366295219956082,"55929-0_txt":1.0880566778731755,"16098_txt_utf-8":1.402453577785176,"34773_txt_utf-8":1.3560936148480363,"24593_txt_utf-8":1.393745161125387,"42038_txt_utf-8":1.4103217633787306,"48160-0_txt":1.43264641664845,"19350_txt_utf-8":1.4023312442934819,"22535-0_txt":1.3935259137688096,"30352_txt_utf-8":1.3312830273243341,"22298_txt_utf-8":1.2918352328105909,"22315-0_txt":1.4240958269413335,"33250-0_txt":1.1081955571036766,"40642-0_txt":1.380943969903739,"34268_txt_utf-8":1.3837620436474551,"16106_txt_utf-8":1.3661275543380982,"39625-0_txt":1.4060504858015803},"indexage":{}}}