{"Base de Gutenberg":{"graphe":{},"closeness":{"37140_txt_utf-8":1.3129335873050516,"56180-0_txt":1.3430796161792877,"8828_txt_utf-8":1.423599442109336,"40448_txt_utf-8":1.3945411903716096,"56993-0_txt":1.4012848646273095,"6562_txt_utf-8":1.3841326073014395,"15914_txt_utf-8":1.2918354892981858,"59770-0_txt":1.3833221268482085,"41523_txt_utf-8":1.0763237252222904,"22653_txt_utf-8":1.4061879365787182,"51419_txt_utf-8":1.0857085313292416,"31058_txt_utf-8":1.1102335705671535,"44802_txt_utf-8":1.4036015322140714,"51045-0_txt":1.0951109657951779,"52397_txt_utf-8":1.409504204362566,"18980_txt_utf-8":1.48269292934794,"56604_txt_utf-8":1.1005686092155154,"53991-0_txt":1.4177532973907467,"48950-0_txt":1.199568580925369,"49360_txt_utf-8":1.4592150705708657,"48580-0_txt":1.4724116415442985,"14686_txt_utf-8":1.0962366913942383,"6061_txt_utf-8":1.3182462597273652,"22974_txt_utf-8":1.3539575309777203,"59728_txt_utf-8":1.4304897324768926,"30140_txt_utf-8":1.4249851673565546,"909_txt_utf-8":1.3104831041654332,"59497-0_txt":1.4093434101371558,"47247-0_txt":1.3231486698736439,"30409_txt_utf-8":1.3491219248224575,"1242-0_txt":1.4403777574532086,"42795_txt_utf-8":1.3855082898545252,"50613-0_txt":1.432489175534774,"35437_txt_utf-8":1.4613137524903084,"20859_txt_utf-8":1.3297575025726835,"31979_txt_utf-8":1.3835321054077632,"30316_txt_utf-8":1.3441242237153197,"24960-0_txt":1.0880633230169043,"36543_txt_utf-8":1.3339529505046588,"6678_txt_utf-8":1.408590528199508,"50276-0_txt":1.3837357726335053,"24443_txt_utf-8":1.3873260646090693,"50965_txt_utf-8":1.1001733218512006,"26494_txt_utf-8":1.398443917867683,"52810-0_txt":1.3590285605449084,"26643_txt_utf-8":1.3832728628221034,"18891_txt_utf-8":1.4086225408295583,"28191_txt_utf-8":1.415996098852806,"1832-0_txt":1.395160854697795,"55376_txt_utf-8":1.3798243844418394},"indexage":{}}}