{"Base de Gutenberg":{"graphe":{},"closeness":{"47327-0_txt":1.0985425552990282,"2939_txt_utf-8":1.3571305324039669,"39436_txt_utf-8":1.10663197186059,"35028_txt_utf-8":1.1131053008383545,"2339_txt_utf-8":1.0567753801960071,"55616-0_txt":1.091829210712289,"45309-0_txt":1.4030729983424297,"27936_txt_utf-8":1.102889410213268,"42289_txt_utf-8":1.4178565797178502,"58109-0_txt":1.3463572837364053,"2062_txt_utf-8":1.386743495908577,"5804_txt_utf-8":1.4028402252856178,"42821_txt_utf-8":1.3835540607111696,"15567_txt_utf-8":1.4321022402308858,"594_txt_utf-8":1.42724506689085,"11689_txt_utf-8":1.3256601034770734,"49277-0_txt":1.3105633915258286,"33776_txt_utf-8":1.4246120832543776,"38976_txt_utf-8":1.4060082335951183,"8465_txt_utf-8":1.413177165399714,"41098_txt_utf-8":1.3596193819880507,"4135_txt_utf-8":1.4021394286753888,"5535_txt_utf-8":1.4071593539058613,"58201-0_txt":1.3210877086497126,"35506_txt_utf-8":1.2275568173209983,"44824_txt_utf-8":1.4119471946105857,"16736_txt_utf-8":1.3475448190341466,"52855_txt_utf-8":1.346686011463363,"22267_txt_utf-8":1.3826218377430326,"54034-0_txt":1.3670657927736396,"45968-0_txt":1.3385112592845174,"13142_txt_utf-8":1.3637564180361583,"15236_txt_utf-8":1.0894461318722295,"15758_txt_utf-8":1.3631210419861384,"38154_txt_utf-8":1.3785885635324153,"15381_txt_utf-8":1.425934551182245,"34824_txt_utf-8":1.4487348366068755,"41982_txt_utf-8":1.3604126623509007,"30359_txt_utf-8":1.079594864912335,"40664_txt_utf-8":1.3965319126810738,"1910_txt_utf-8":1.0684011478263196,"14602_txt_utf-8":1.3033024229431744,"37990_txt_utf-8":1.0832041125617151,"51273_txt_utf-8":1.3722501688873454,"42651-0_txt":1.0795032851623525,"45888-0_txt":1.316813156362705,"51791_txt_utf-8":1.0786676198712002,"39111_txt_utf-8":1.3679971577516328,"18650_txt_utf-8":1.3672413303517175,"2749-0_txt":1.4673431048752268},"indexage":{}}}