{"Base de Gutenberg":{"graphe":{},"closeness":{"48218_txt_utf-8":1.3934402623320439,"8728_txt_utf-8":1.4254768925083054,"12288_txt_utf-8":1.3279326509693423,"58521_txt_utf-8":1.0744355746119327,"42906_txt_utf-8":1.3850398035580485,"7175-0_txt":1.2489097726575997,"22138_txt_utf-8":1.3831171107064808,"35988_txt_utf-8":1.1261554553984077,"46210-0_txt":1.368638855559421,"13041_txt_utf-8":1.0773345239755068,"18024_txt_utf-8":1.122964399358477,"40842-0_txt":1.4261017095158446,"41361_txt_utf-8":1.3960527278647041,"36703_txt_utf-8":1.4128990384676137,"13571_txt_utf-8":1.1946556142105946,"31520_txt_utf-8":1.3466874425554165,"29664_txt_utf-8":1.396558917995731,"4825_txt_utf-8":1.359945397097648,"91-0_txt":1.3627599853937133,"4286_txt_utf-8":1.3297457274802533,"12323_txt_utf-8":1.3685223800971953,"24421-0_txt":1.3659224154053098,"19387_txt_utf-8":1.4102716195451315,"38112_txt_utf-8":1.3413980543016835,"3393_txt_utf-8":1.4234105860324882,"41604_txt_utf-8":1.4369890881913308,"32779-0_txt":1.3571762940334495,"33545_txt_utf-8":1.242056823058808,"19151_txt_utf-8":1.4114511727859465,"12886_txt_utf-8":1.4495000208237854,"12330_txt_utf-8":1.3477539362501603,"52098-0_txt":1.3806640160677426,"57832_txt_utf-8":1.0861688650803134,"311-0_txt":1.4157681335923753,"20202_txt_utf-8":1.363078336279902,"11995_txt_utf-8":1.4040012557430572,"20843_txt_utf-8":1.4103032252470946,"31691-0_txt":1.3070602012798858,"19240-0_txt":1.2256530856015682,"35475_txt_utf-8":1.4081227945835202,"4695_txt_utf-8":1.436342609397546,"33838_txt_utf-8":1.132722588085104,"53959-0_txt":1.3513031352366331,"14591_txt_utf-8":1.3680902963355355,"4188_txt_utf-8":1.3745400652149506,"42400_txt_utf-8":1.3890673377370006,"26130_txt_utf-8":1.3828258497004948,"18853_txt_utf-8":1.469251385300066,"30400_txt_utf-8":1.3968042693126559,"18940_txt_utf-8":1.1003496777034056},"indexage":{}}}