{"Base de Gutenberg":{"graphe":{},"closeness":{"50958_txt_utf-8":1.359405568066477,"14462_txt_utf-8":1.3585400060609407,"23214_txt_utf-8":1.3594186694599597,"18999_txt_utf-8":1.4804722414594949,"28495_txt_utf-8":1.389399334105616,"54513_txt_utf-8":1.4380793895413841,"53642-0_txt":1.3107723584051452,"48610_txt_utf-8":1.4719417084815665,"58313_txt_utf-8":1.094807560094651,"17586_txt_utf-8":1.118086762674897,"44059-0_txt":1.3562692744587905,"59574-0_txt":1.3241760518254757,"10338_txt_utf-8":1.4423773300205505,"48651-0_txt":1.0727616407123859,"30208_txt_utf-8":1.3547338076913311,"20505_txt_utf-8":1.2413096135974118,"38931_txt_utf-8":1.3059110433844772,"25639_txt_utf-8":1.3983983830149156,"4120_txt_utf-8":1.3951584034337923,"48974-0_txt":1.406706038300868,"37586_txt_utf-8":1.3573067769605802,"37725_txt_utf-8":1.3547875219320462,"24087_txt_utf-8":1.0858667878516715,"41950-0_txt":1.397381570997188,"19037_txt_utf-8":1.2926486134172448,"52053-0_txt":1.3027033986790162,"28973_txt_utf-8":1.326260813747529,"49021-0_txt":1.343907027889112,"46861_txt_utf-8":1.2711735845288172,"7697_txt_utf-8":1.386586266332472,"8927_txt_utf-8":1.0732581096346199,"45586-0_txt":1.4318356384925004,"43979_txt_utf-8":1.40867647465774,"51650_txt_utf-8":1.309787522393721,"46713_txt_utf-8":1.1165338454080553,"50444_txt_utf-8":1.0883457399211793,"58825-0_txt":1.1588618315478558,"12138_txt_utf-8":1.3994571357859351,"42026_txt_utf-8":1.2600311171518717,"58038-0_txt":1.352741866745332,"21-0_txt":1.385099902057042,"43459-0_txt":1.072969661260297,"56331_txt_utf-8":1.3248544702522134,"29221_txt_utf-8":1.2549063848663398,"4198_txt_utf-8":1.4049677607125965,"39124-0_txt":1.42871389455039,"46061_txt_utf-8":1.0726326867406255,"6788_txt_utf-8":1.3762717826800286,"42792_txt_utf-8":1.3892466891578752,"16991_txt_utf-8":1.3873120506612984},"indexage":{}}}