{"Base de Gutenberg":{"graphe":{},"closeness":{"53187_txt_utf-8":1.467273567871238,"20576_txt_utf-8":1.4432267933185614,"55728-0_txt":1.3778973212403909,"31577_txt_utf-8":1.3664071899855343,"42341_txt_utf-8":1.4229590686521156,"16669_txt_utf-8":1.3305528206204063,"28889-0_txt":1.4424902976466456,"27194_txt_utf-8":1.4016084369139292,"18408_txt_utf-8":1.3178000370539458,"54202-0_txt":1.0801193077309996,"49480-0_txt":1.2770411421067431,"52509-0_txt":1.403348910356557,"19243-0_txt":1.3215345830236969,"31727_txt_utf-8":1.0993994192881549,"47569-0_txt":1.4443549090999552,"54057-0_txt":1.3682687559738032,"42430-0_txt":1.4183548856411359,"55805-0_txt":1.3913740420659801,"54054-0_txt":1.298183465676377,"54610-0_txt":1.3619167873331706,"22129_txt_utf-8":1.4007295381196372,"51485_txt_utf-8":1.105797259727084,"55291-0_txt":1.3643765381516493,"42608_txt_utf-8":1.07366752918483,"42227_txt_utf-8":1.4097767636550593,"55556-0_txt":1.3948094580222525,"51334-0_txt":1.3665368691277862,"27135_txt_utf-8":1.3553479397385184,"50192-0_txt":1.4461768963187704,"1106_txt_utf-8":1.2772200490108256,"25303-0_txt":1.3426455727463789,"56407_txt_utf-8":1.4186912574310953,"17812_txt_utf-8":1.0845191010059356,"39803_txt_utf-8":1.3769056943519744,"55945-0_txt":1.373627128542806,"43710-0_txt":1.2735285732030308,"3482_txt_utf-8":1.3094011352751365,"55639-0_txt":1.0844153645738746,"16986-0_txt":1.3555809656352853,"20072_txt_utf-8":1.3787621175226639,"54553-0_txt":1.3818783612201364,"29428_txt_utf-8":1.124165889613641,"36668_txt_utf-8":1.445835130690994,"30983_txt_utf-8":1.293294840646352,"19296-0_txt":1.3328327140073248,"37246_txt_utf-8":1.3947600406888632,"31700_txt_utf-8":1.3740473024887883,"54084-0_txt":1.10005448517243,"47979-0_txt":1.4458229459217529,"39359_txt_utf-8":1.3971734473073845},"indexage":{}}}