{"Base de Gutenberg":{"graphe":{},"closeness":{"54051-0_txt":1.2750683352647374,"16228_txt_utf-8":1.4763324681664545,"3983_txt_utf-8":1.3995319561792863,"43829-0_txt":1.3696415169624498,"35688_txt_utf-8":1.377467111439472,"15183_txt_utf-8":1.4414565253927842,"6316_txt_utf-8":1.3348012833743372,"36763_txt_utf-8":1.3964973816811124,"42907_txt_utf-8":1.4033465503111857,"52577-0_txt":1.084327296894855,"49873-0_txt":1.314052801685138,"950_txt_utf-8":1.3677107932511878,"22107_txt_utf-8":1.33259915065824,"36323-0_txt":1.38265871819692,"25764_txt_utf-8":1.3663695693203133,"28149_txt_utf-8":1.412445226796381,"14117_txt_utf-8":1.395831004792166,"25503_txt_utf-8":1.1000233158605497,"54477-0_txt":1.349502608409423,"3477_txt_utf-8":1.3205129064080332,"40878-0_txt":1.379488473641066,"15983_txt_utf-8":1.4193534863488588,"19590_txt_utf-8":1.4058285029780586,"35389_txt_utf-8":1.375497769240529,"12803_txt_utf-8":1.419631113502454,"38021_txt_utf-8":1.2234491843072153,"47697_txt_utf-8":1.3973032700298338,"3135-0_txt":1.450266167962312,"1841-0_txt":1.3894196050291863,"13905_txt_utf-8":1.4182362656157215,"42134-0_txt":1.305463158293796,"52854-0_txt":1.357997572492815,"39626_txt_utf-8":1.3032336804999054,"47706_txt_utf-8":1.087623639764671,"46362_txt_utf-8":1.2383784604315877,"31811-0_txt":1.3642350493425826,"18614_txt_utf-8":1.4385816693542357,"58242-0_txt":1.4100981593416937,"43210_txt_utf-8":1.3985051403078115,"31191_txt_utf-8":1.411979121483948,"2349_txt_utf-8":1.391043108538822,"14441_txt_utf-8":1.4436494841635104,"32032_txt_utf-8":1.3683570066367445,"17269_txt_utf-8":1.39295455823009,"43207_txt_utf-8":1.0983054487926476,"23801_txt_utf-8":1.098189662164748,"33870_txt_utf-8":1.2823834091410622,"12856_txt_utf-8":1.3527044521600766,"56656-0_txt":1.3880799635282886,"51500-0_txt":1.3391317051689584},"indexage":{}}}