{"Base de Gutenberg":{"graphe":{},"closeness":{"45301_txt_utf-8":1.3937530241543659,"10069_txt_utf-8":1.2949893686640006,"30575_txt_utf-8":1.3953883802410316,"22001_txt_utf-8":1.3496326696347027,"43708-0_txt":1.3188814363748973,"51657_txt_utf-8":1.345106077967549,"5011_txt_utf-8":1.3057201747780642,"4006_txt_utf-8":1.4014363446701184,"23613_txt_utf-8":1.4402913575767935,"48747_txt_utf-8":1.464218530702787,"7490_txt_utf-8":1.3808782782225322,"14008_txt_utf-8":1.4085080904268485,"3290_txt_utf-8":1.3246283151974574,"46948-0_txt":1.3992088530020745,"21648_txt_utf-8":1.381418516177616,"37130-0_txt":1.3280040875326058,"54340-0_txt":1.3426417802554467,"35222_txt_utf-8":1.4022067433251895,"33440_txt_utf-8":1.1212376513960396,"52071_txt_utf-8":1.4140529840624567,"55669-0_txt":1.3448494482714972,"4258_txt_utf-8":1.3459109079464717,"43971_txt_utf-8":1.4052482971769358,"41501_txt_utf-8":1.3487575705101875,"7763-0_txt":1.409347138803123,"55533-0_txt":1.1157571956533718,"58363-0_txt":1.380192263660493,"3055_txt_utf-8":1.3140667878043952,"28652_txt_utf-8":1.3707347737412707,"20217_txt_utf-8":1.3958901801820527,"4294_txt_utf-8":1.4276982184637004,"5506_txt_utf-8":1.4070520569108715,"13370_txt_utf-8":1.3659212642677037,"2476_txt_utf-8":1.3242523864842781,"30895-0_txt":1.2719707029946925,"49029_txt_utf-8":1.4439879430728222,"36565_txt_utf-8":1.3789496452419392,"49387_txt_utf-8":1.4638753395702289,"38678_txt_utf-8":1.3533017537817715,"53736-0_txt":1.3603305142451687,"56198-0_txt":1.405497128918565,"42139_txt_utf-8":1.3793009410239514,"50009_txt_utf-8":1.0948474873980831,"8772_txt_utf-8":1.3926215978786654,"56430-0_txt":1.4040695242475492,"23917_txt_utf-8":1.1186705161882926,"5881_txt_utf-8":1.0962089724926978,"49942-0_txt":1.2120653136388897,"20810_txt_utf-8":1.395350326987562,"48129-0_txt":1.353310440501489},"indexage":{}}}