{"Base de Gutenberg":{"graphe":{},"closeness":{"40906_txt_utf-8":1.4093120202698524,"17960_txt_utf-8":1.366739514033381,"55856-0_txt":1.3354857043470376,"26680_txt_utf-8":1.0951717773946483,"5123_txt_utf-8":1.3363653439083547,"55591-0_txt":1.3511349730697553,"9053_txt_utf-8":1.106789311368728,"30272_txt_utf-8":1.4250169795957,"7264_txt_utf-8":1.0685959059989125,"48714_txt_utf-8":1.3150766593753824,"14166_txt_utf-8":1.3374624647571631,"1361_txt_utf-8":1.3689963877117308,"7557_txt_utf-8":1.3834555790087386,"4025_txt_utf-8":1.3543938502194854,"9760_txt_utf-8":1.3475801137136503,"42547_txt_utf-8":1.3155516635742197,"40881_txt_utf-8":1.4162469625663354,"46679_txt_utf-8":1.0786940488961796,"46287-0_txt":1.3683590893754691,"55830-0_txt":1.3678035244840927,"30366_txt_utf-8":1.4571208331652785,"16574_txt_utf-8":1.4182806688923006,"47616-0_txt":1.2908960050228595,"25370_txt_utf-8":1.0889355828555372,"14268_txt_utf-8":1.4262001063453518,"37830_txt_utf-8":1.0785032249409983,"970_txt_utf-8":1.3497419775204964,"51904-0_txt":1.284469667150016,"28103_txt_utf-8":1.367788764387507,"43356-0_txt":1.0980827110458682,"11699_txt_utf-8":1.455812217853191,"40635_txt_utf-8":1.3345921684707305,"2949-0_txt":1.3941236765907623,"48738_txt_utf-8":1.0910903266044987,"26947_txt_utf-8":1.0674927553686864,"9462_txt_utf-8":1.3747451465642584,"44705_txt_utf-8":1.2375534923659546,"37691_txt_utf-8":1.339765703878668,"51456-0_txt":1.4134282374774376,"2964_txt_utf-8":1.3486813425827395,"15370_txt_utf-8":1.3749803118099646,"23526_txt_utf-8":1.1003796093632772,"3106_txt_utf-8":1.4259143245025516,"41842-0_txt":1.0772772948429037,"44270_txt_utf-8":1.3451049962079598,"35771_txt_utf-8":1.3820117563536531,"6363_txt_utf-8":1.3346466538513757,"1124_txt_utf-8":1.2922023028764773,"34165_txt_utf-8":1.3709987248004636,"50591-0_txt":1.3027575663805766},"indexage":{}}}