{"Base de Gutenberg":{"graphe":{},"closeness":{"5191_txt_utf-8":1.396869128583947,"35209_txt_utf-8":1.1246393663937322,"51484-0_txt":1.3584070605375496,"54103-0_txt":1.405274732796069,"22101-0_txt":1.356188389954163,"55473-0_txt":1.4129098297307456,"8555_txt_utf-8":1.310596414510327,"23041_txt_utf-8":1.3641312478601006,"30411_txt_utf-8":1.3315961866651749,"23222-0_txt":1.3810119324060257,"18496_txt_utf-8":1.3980851014990259,"1308-0_txt":1.364040930135797,"2137-0_txt":1.2819752675039882,"52320_txt_utf-8":1.3418227723708374,"16246_txt_utf-8":1.2745653510761392,"30972_txt_utf-8":1.4319987286090174,"26080_txt_utf-8":1.418145755539742,"6307_txt_utf-8":1.4057613845803545,"46195_txt_utf-8":1.4320697910286337,"27803-0_txt":1.0930826522328811,"17571-0_txt":1.3183274488922534,"44150-0_txt":1.3337661521776603,"8698_txt_utf-8":1.1154236284117192,"5905_txt_utf-8":1.355381217971509,"23668_txt_utf-8":1.3478333038173125,"55258-0_txt":1.4136636369966853,"30854_txt_utf-8":1.3263971129612244,"22125_txt_utf-8":1.2998443135707798,"31172_txt_utf-8":1.3482061881183187,"56090-0_txt":1.3232205745295216,"9847_txt_utf-8":1.3126315017082641,"57085_txt_utf-8":1.1075656260743028,"58545_txt_utf-8":1.0734757806166688,"33194_txt_utf-8":1.3193819788774461,"53077_txt_utf-8":1.0767381659854094,"35164_txt_utf-8":1.360455569216658,"55713-0_txt":1.3470946637376142,"9578_txt_utf-8":1.2400276173524512,"17158_txt_utf-8":1.4111249717284473,"10690_txt_utf-8":1.4475591901185259,"4186_txt_utf-8":1.4196661055056399,"37546_txt_utf-8":1.3695078144528738,"31619_txt_utf-8":1.4311759084769176,"18144_txt_utf-8":1.1016018101319174,"4056_txt_utf-8":1.4401573033517685,"41219_txt_utf-8":1.33231924113328,"35433_txt_utf-8":1.3673074945890178,"59803-0_txt":1.072106512426369,"48705-0_txt":1.1077878963289378,"17000-0_txt":1.330903731817256},"indexage":{}}}