{"Base de Gutenberg":{"graphe":{},"closeness":{"1332-0_txt":1.444462070224868,"4447_txt_utf-8":1.4055062015458555,"13352_txt_utf-8":1.3645274982501292,"29059_txt_utf-8":1.3839080049087056,"990_txt_utf-8":1.3772328043512159,"18266_txt_utf-8":1.398910278275885,"53886_txt_utf-8":1.1095869359727366,"59777-0_txt":1.3708101101471222,"57854-0_txt":1.403155355306917,"43185_txt_utf-8":1.3721695191075363,"11210_txt_utf-8":1.4067592817581924,"32406_txt_utf-8":1.4185155403179375,"15378_txt_utf-8":1.338517866825766,"7641_txt_utf-8":1.3178730336347635,"51390-0_txt":1.3078913863715362,"44153-0_txt":1.4196282517770826,"8793_txt_utf-8":1.2930657949478572,"40243_txt_utf-8":1.3395616615913313,"14539_txt_utf-8":1.0852502560384882,"42565_txt_utf-8":1.098136884151438,"25450_txt_utf-8":1.3644176712612295,"14775_txt_utf-8":1.0891768736029035,"11773_txt_utf-8":1.0967801487765072,"2359-0_txt":1.406108186620412,"43597_txt_utf-8":1.340224172868072,"58753-0_txt":1.4562607261800484,"4130_txt_utf-8":1.369392190742629,"5988-0_txt":1.3445348408338682,"5555_txt_utf-8":1.374713002335399,"55939-0_txt":1.468926529756711,"31567_txt_utf-8":1.3928579802492274,"43336_txt_utf-8":1.4584853100122177,"44879_txt_utf-8":1.3688222875050569,"27687_txt_utf-8":1.3157056029872205,"39023_txt_utf-8":1.3880308295031052,"19689_txt_utf-8":1.0931706693481655,"35497_txt_utf-8":1.2907469323260696,"10872_txt_utf-8":1.4153935033461025,"53271-0_txt":1.3787170663105566,"5727_txt_utf-8":1.37584818217953,"31449_txt_utf-8":1.4050517469827413,"30204_txt_utf-8":1.3986787912680638,"29305_txt_utf-8":1.3960345518167456,"48607-0_txt":1.0929374851590332,"31629_txt_utf-8":1.4064493481291,"4418_txt_utf-8":1.407811239097937,"12221_txt_utf-8":1.3482148448716649,"9044_txt_utf-8":1.0698150260384125,"7109_txt_utf-8":1.0800811973252398,"1211_txt_utf-8":1.359872388145506},"indexage":{}}}