{"Base de Gutenberg":{"graphe":{},"closeness":{"15944_txt_utf-8":1.415639608841879,"7460_txt_utf-8":1.4181696335621208,"23313_txt_utf-8":1.097078921730055,"51933-0_txt":1.3481883795304372,"26023_txt_utf-8":1.352876651292878,"53386-0_txt":1.3862750024769748,"42591_txt_utf-8":1.3447208304405442,"35456-0_txt":1.4101307713256515,"42175_txt_utf-8":1.3129998052853507,"24026_txt_utf-8":1.085651670369525,"46990-0_txt":1.3743949403374685,"51304_txt_utf-8":1.3230627612973864,"14310_txt_utf-8":1.1060361804583978,"22354_txt_utf-8":1.412891793859872,"44650_txt_utf-8":1.444702936830933,"28552_txt_utf-8":1.4388557585435937,"32873_txt_utf-8":1.1259289346765837,"7106_txt_utf-8":1.3864021058799565,"59344_txt_utf-8":1.4105071388683947,"30965_txt_utf-8":1.344704854595862,"3957-0_txt":1.4019262805650412,"55439_txt_utf-8":1.347638104302719,"49330_txt_utf-8":1.4111007385938747,"57788_txt_utf-8":1.1160886440881599,"29861_txt_utf-8":1.3761968453535556,"54213-0_txt":1.1985057478669483,"56444-0_txt":1.2968558722171895,"8208_txt_utf-8":1.3212915008469819,"26555_txt_utf-8":1.1243846235780468,"17525_txt_utf-8":1.1062182366328492,"42796_txt_utf-8":1.4361049322431618,"1389-0_txt":1.4712463337345556,"21639_txt_utf-8":1.3982896289801698,"22147_txt_utf-8":1.4019013636677582,"15789_txt_utf-8":1.338005254260884,"29679_txt_utf-8":1.3725169736577552,"7224_txt_utf-8":1.3498877682180275,"53003_txt_utf-8":1.0810799451831457,"18267_txt_utf-8":1.41948582646809,"19189_txt_utf-8":1.1278212546335304,"40180_txt_utf-8":1.4163464352208786,"36604_txt_utf-8":1.3759796207729809,"15466_txt_utf-8":1.4796471159180518,"15528_txt_utf-8":1.4020676696058227,"51331_txt_utf-8":1.3018435199747291,"7611_txt_utf-8":1.4065239832176983,"48287-0_txt":1.0869813157513082,"17966_txt_utf-8":1.338421323321706,"49273-0_txt":1.3497460226967746,"4179_txt_utf-8":1.404366308602532},"indexage":{}}}