{"Base de Gutenberg":{"graphe":{},"closeness":{"33074-0_txt":1.2967846042176747,"46859-0_txt":1.3541126034365325,"10096_txt_utf-8":1.3900372646167902,"539-0_txt":1.4072729630835286,"40714_txt_utf-8":1.0761330390524049,"22087_txt_utf-8":1.407538552200622,"17425-0_txt":1.1188423778414518,"27847_txt_utf-8":1.1287887014940738,"20253_txt_utf-8":1.0935663908431987,"51823_txt_utf-8":1.4282559046930545,"59865-0_txt":1.391619271023115,"46617_txt_utf-8":1.352419440948128,"31501_txt_utf-8":1.4383646568783304,"31362_txt_utf-8":1.35224351327689,"57759-0_txt":1.4643756430118728,"6190_txt_utf-8":1.3854533023448394,"25483_txt_utf-8":1.3169081320958826,"12008_txt_utf-8":1.1044536541487726,"25613_txt_utf-8":1.0779154740927892,"35549-0_txt":1.0877025293694487,"39099_txt_utf-8":1.088077316127419,"16663-0_txt":1.3735689987719424,"46669_txt_utf-8":1.2909939482264166,"39525-0_txt":1.4309286587752017,"40723_txt_utf-8":1.4509393247191513,"24592_txt_utf-8":1.3782566972585235,"1760-0_txt":1.4107447627131302,"54471_txt_utf-8":1.0905207548078661,"43562_txt_utf-8":1.3216938463997714,"37004_txt_utf-8":1.4286553568241287,"26974_txt_utf-8":1.3432012078539315,"6911_txt_utf-8":1.3810360952099523,"14522_txt_utf-8":1.4053922854013667,"19916_txt_utf-8":1.37341506171494,"56826_txt_utf-8":1.09883350379046,"15213_txt_utf-8":1.0792203801257814,"9802_txt_utf-8":1.1010779730187112,"29934_txt_utf-8":1.3287904964083321,"26374_txt_utf-8":1.2470201966456709,"38637-0_txt":1.0807279751111722,"10826_txt_utf-8":1.456778131911662,"23092_txt_utf-8":1.3766327834216567,"14322_txt_utf-8":1.390318247145369,"58026-0_txt":1.4409488496093166,"47772-0_txt":1.4069484869766895,"9950_txt_utf-8":1.0983912382603278,"56997-0_txt":1.1153052491139448,"45796_txt_utf-8":1.4289123030571582,"43440-0_txt":1.3715039599783732,"58199-0_txt":1.1365875801021939},"indexage":{}}}