{"Base de Gutenberg":{"graphe":{},"closeness":{"45254-0_txt":1.0943749604765372,"40352_txt_utf-8":1.3222109191619085,"5053_txt_utf-8":1.4253970132380218,"42444-0_txt":1.3780315429332242,"45373_txt_utf-8":1.1031382353815122,"57212_txt_utf-8":1.3352801315875344,"9768_txt_utf-8":1.390792535822262,"25497_txt_utf-8":1.369818829150902,"10620_txt_utf-8":1.3573043881810543,"50320-0_txt":1.3864904895270465,"23655_txt_utf-8":1.4660794473260654,"17175_txt_utf-8":1.3494181981669773,"19648_txt_utf-8":1.363253164481925,"1423_txt_utf-8":1.3826516694830868,"20291_txt_utf-8":1.4092697107717345,"38518_txt_utf-8":1.0852105849259863,"27932_txt_utf-8":1.2903569655219107,"26679_txt_utf-8":1.2913764677048223,"5993-0_txt":1.3532933566196506,"43091_txt_utf-8":1.306165340884464,"53408-0_txt":1.3082175102723614,"5347_txt_utf-8":1.3391257888239687,"2752-0_txt":1.436505456507451,"20285_txt_utf-8":1.123562182565597,"41837_txt_utf-8":1.4108579299414863,"18072_txt_utf-8":1.0891344838879256,"19250-0_txt":1.4339081359916683,"56762-0_txt":1.346922526694216,"29484_txt_utf-8":1.0696520879953197,"8322_txt_utf-8":1.3081368559415614,"3344_txt_utf-8":1.3683517477014184,"31533_txt_utf-8":1.086666583478202,"52959_txt_utf-8":1.3366070236255623,"15050_txt_utf-8":1.3312099233963448,"59889-0_txt":1.101337795454714,"32842_txt_utf-8":1.37958492024576,"52946_txt_utf-8":1.3526357869937902,"53979-0_txt":1.4092101862830646,"50852-0_txt":1.3492972062960893,"21794_txt_utf-8":1.388962781636132,"44915_txt_utf-8":1.2455320875593372,"38388_txt_utf-8":1.389236434241794,"12172_txt_utf-8":1.4364106446708016,"11215_txt_utf-8":1.3400521610717764,"24011_txt_utf-8":1.3697114786248603,"2269_txt_utf-8":1.272457442184254,"59102-0_txt":1.4368714871961619,"39121-0_txt":1.3650305820210484,"55582_txt_utf-8":1.3666076920985906,"4556_txt_utf-8":1.2959685657276057},"indexage":{}}}