{"Base de Gutenberg":{"graphe":{},"closeness":{"3999-0_txt":1.39242150109374,"33992_txt_utf-8":1.4494959718221216,"4151_txt_utf-8":1.392500992000513,"8881_txt_utf-8":1.4043554021039424,"57078-0_txt":1.0866873688564012,"10362_txt_utf-8":1.369250918670281,"3598_txt_utf-8":1.4129891668490064,"39113_txt_utf-8":1.0788936533712812,"25964-0_txt":1.1031208561599248,"45280-0_txt":1.0273649411749124,"49282-0_txt":1.3812768592866769,"20326_txt_utf-8":1.3374682925746777,"33792_txt_utf-8":1.301110841443434,"52884_txt_utf-8":1.0933603511805496,"24396_txt_utf-8":1.39787045203346,"54911-0_txt":1.337917086965971,"1816-0_txt":1.4046362658462739,"59294-0_txt":1.0886790134453668,"22126_txt_utf-8":1.3853244587417264,"31429-0_txt":1.4205212859395395,"13783_txt_utf-8":1.3668568299058552,"21844_txt_utf-8":1.374904309438562,"24622_txt_utf-8":1.4278053835997033,"44092-0_txt":1.4347800256991796,"15870_txt_utf-8":1.3818987924164272,"57577-0_txt":1.4100850367585878,"25383_txt_utf-8":1.3760039219147777,"50084_txt_utf-8":1.0988082216663855,"52023_txt_utf-8":1.2304545974088663,"45878_txt_utf-8":1.3742924784161623,"25331_txt_utf-8":1.0943309877495013,"58618-0_txt":1.408107357362773,"12022_txt_utf-8":1.4182754963459663,"11617_txt_utf-8":1.424149122559603,"8254_txt_utf-8":1.303316724148895,"24969_txt_utf-8":1.0797928338451321,"36508_txt_utf-8":1.3235981154574052,"38056_txt_utf-8":1.3559550364198032,"53634-0_txt":1.1081214510336141,"48474_txt_utf-8":1.3475515615416487,"30510_txt_utf-8":1.114683425865684,"137-0_txt":1.4290139324259599,"56944_txt_utf-8":1.091066611813712,"50681-0_txt":1.0865564763473543,"15747_txt_utf-8":1.4146060878687738,"16845-0_txt":1.2097102270753073,"18238_txt_utf-8":1.3198667659040824,"52309_txt_utf-8":1.3643197551867674,"59916-0_txt":1.4005946924500774,"23678_txt_utf-8":1.4292876880226961},"indexage":{}}}