{"Base de Gutenberg":{"graphe":{},"closeness":{"35962_txt_utf-8":1.3873213498627048,"19937-0_txt":1.231449287433275,"33613_txt_utf-8":1.4419329945329302,"31892_txt_utf-8":1.4357425060375648,"59753_txt_utf-8":1.0862845407364885,"23048_txt_utf-8":1.3905368579754374,"50662_txt_utf-8":1.4219086947248758,"31517_txt_utf-8":1.4337613328241774,"44774_txt_utf-8":1.3936618268626975,"29230_txt_utf-8":1.3804451189358264,"12601_txt_utf-8":1.4198895649296976,"29222_txt_utf-8":1.3367546228896556,"43969_txt_utf-8":1.3650883347310376,"9175_txt_utf-8":1.3386951407442884,"8433_txt_utf-8":1.3987037248791243,"36200_txt_utf-8":1.342593965722796,"9258-0_txt":1.3521969813885077,"20792_txt_utf-8":1.4640952453755114,"41726_txt_utf-8":1.349931197808784,"986-0_txt":1.4268253147389118,"56965_txt_utf-8":1.3926365590718814,"38235_txt_utf-8":1.3886073793553142,"876-0_txt":1.429077183505814,"2267_txt_utf-8":1.2627877129956346,"231_txt_utf-8":1.0926584363566128,"20392_txt_utf-8":1.4119138532464923,"8677-0_txt":1.3803275526303713,"54123_txt_utf-8":1.07295895090773,"28659_txt_utf-8":1.3162597903252296,"16886_txt_utf-8":1.0961196895675605,"54780-0_txt":1.325524043865269,"45767-0_txt":1.0916676655513393,"17916_txt_utf-8":1.1224606553908127,"23604_txt_utf-8":1.3247428394484864,"30469_txt_utf-8":1.4557416307267348,"15316_txt_utf-8":1.0830772454005797,"51861-0_txt":1.3886183529697103,"1604-0_txt":1.367063678375251,"3890_txt_utf-8":1.4273981696003069,"59292_txt_utf-8":1.1126503717324971,"22765_txt_utf-8":1.3474498184584285,"33274_txt_utf-8":1.381051836637574,"26765_txt_utf-8":1.0909588909612833,"41854-0_txt":1.3801622953317896,"19125_txt_utf-8":1.0851216662433891,"44748_txt_utf-8":1.396381510528152,"49917-0_txt":1.330469615229687,"48583_txt_utf-8":1.4675438954390303,"38617_txt_utf-8":1.3301112714718089,"50268-0_txt":1.4279388389949383},"indexage":{}}}