{"Base de Gutenberg":{"graphe":{},"closeness":{"1345-0_txt":1.4496243030210891,"7587_txt_utf-8":1.3124812723177954,"24640-0_txt":1.3772353444290308,"5538_txt_utf-8":1.3696555566406725,"45880_txt_utf-8":1.4101571264162975,"54035-0_txt":1.092442645192812,"15541_txt_utf-8":1.4364655117906944,"21922_txt_utf-8":1.0886494529761213,"18580_txt_utf-8":1.0998181676551873,"48628_txt_utf-8":1.0869274415528816,"55637-0_txt":1.112090197106652,"32508_txt_utf-8":1.3501021938649178,"24366-0_txt":1.3918368998596231,"21383_txt_utf-8":1.3927900183748811,"21083-0_txt":1.3256723587108437,"27877_txt_utf-8":1.3135368512441745,"19565_txt_utf-8":1.3139277631465023,"23329-0_txt":1.3696244233378254,"15217_txt_utf-8":1.0918243264526333,"30927_txt_utf-8":1.3866941188358903,"25529_txt_utf-8":1.382402025906199,"11670_txt_utf-8":1.4093717130334051,"42242-0_txt":1.0769225018401491,"11339_txt_utf-8":1.3793819161213694,"16932-0_txt":1.3514013015296034,"43625_txt_utf-8":1.3827263985619112,"11965_txt_utf-8":1.3751259051329048,"23054_txt_utf-8":1.3460714059735168,"11201_txt_utf-8":1.4186945788589096,"26089_txt_utf-8":1.3701731888528756,"5536_txt_utf-8":1.4020866020984621,"54203-0_txt":1.3692913881946351,"13427_txt_utf-8":1.3681363550433703,"49172-0_txt":1.22667358858925,"52249-0_txt":1.2787420527611433,"59451-0_txt":1.438534909343421,"50901_txt_utf-8":1.0730238154232656,"28594_txt_utf-8":1.3916527104651921,"53877-0_txt":1.3646109681155199,"33280_txt_utf-8":1.410766410602815,"17182_txt_utf-8":1.4282863796519363,"50398-0_txt":1.0960976486177225,"50216-0_txt":1.0935175817592537,"33549_txt_utf-8":1.4205208639279971,"9582_txt_utf-8":1.2781476529688742,"49749-0_txt":1.4518452392461378,"31967_txt_utf-8":1.3267095503774873,"48224-0_txt":1.4617282469774742,"45616_txt_utf-8":1.4478231328284301,"31374_txt_utf-8":1.3707587968358113},"indexage":{}}}