{"Base de Gutenberg":{"graphe":{},"closeness":{"37085_txt_utf-8":1.3732993226390324,"59042_txt_utf-8":1.3512012312396113,"57123-0_txt":1.3495099571750706,"494-0_txt":1.3911542507724712,"8721_txt_utf-8":1.3447822291374967,"50028_txt_utf-8":1.0646623352908589,"31351_txt_utf-8":1.2521870254487486,"26354_txt_utf-8":1.3897782924582012,"9762-0_txt":1.4300223172205397,"51619_txt_utf-8":1.0763335529952518,"46589_txt_utf-8":1.0865215195777944,"52833-0_txt":1.4741908147445135,"36741_txt_utf-8":1.3110377377360434,"16727_txt_utf-8":1.416159638819432,"47519_txt_utf-8":1.3854793295946863,"17871_txt_utf-8":1.4366790291500329,"17212-0_txt":1.4154700739292159,"40455_txt_utf-8":1.4480623351329291,"47650_txt_utf-8":1.1102903620578666,"14923_txt_utf-8":1.4257613230152701,"46580-0_txt":1.0895521826834094,"25832_txt_utf-8":1.351120290734001,"44602_txt_utf-8":1.0979611089200745,"4444_txt_utf-8":1.400481676057213,"28351_txt_utf-8":1.439650951068246,"20986_txt_utf-8":1.378920674831432,"35682_txt_utf-8":1.3247506304592418,"49179-0_txt":1.4578151301478215,"38980-0_txt":1.0800624832198045,"38919-0_txt":1.1057244390947738,"33476_txt_utf-8":1.4094309363574045,"30338_txt_utf-8":1.363661775716962,"17393_txt_utf-8":1.4094606138875012,"52094_txt_utf-8":1.3528226255272393,"55266-0_txt":1.321985677688589,"13732_txt_utf-8":1.098546697706222,"6039_txt_utf-8":1.3904177419851589,"34891_txt_utf-8":1.3563636415268614,"47588_txt_utf-8":1.401883892435356,"57840-0_txt":1.3570757923573593,"42481_txt_utf-8":1.3424924684223691,"8500_txt_utf-8":1.3485824403074285,"5413_txt_utf-8":1.4350698307537915,"25654_txt_utf-8":1.4043953515876326,"37379-0_txt":1.38288884523253,"38067_txt_utf-8":1.305251251003696,"40582-0_txt":1.378836743702273,"6261_txt_utf-8":1.3512113696623278,"46121_txt_utf-8":1.3857688326678237,"33464_txt_utf-8":1.3116548825618404},"indexage":{}}}