{"Base de Gutenberg":{"graphe":{},"closeness":{"57972-0_txt":1.2597674665020635,"6188_txt_utf-8":1.3928043816132896,"2913_txt_utf-8":1.3791093734335123,"29075_txt_utf-8":1.112666927390942,"36529_txt_utf-8":1.3605398413049734,"42785_txt_utf-8":1.3956879657487722,"42818_txt_utf-8":1.3869222470774643,"9298-0_txt":1.4057865649806998,"23439_txt_utf-8":1.3218998473557262,"35248_txt_utf-8":1.347091446205869,"55352-0_txt":1.1210045920558958,"3079-0_txt":1.4059293324394022,"37450_txt_utf-8":1.298464306370607,"13161_txt_utf-8":1.3606742036889725,"59158-0_txt":1.4189348631897367,"676_txt_utf-8":1.4540711085162235,"26480-0_txt":1.069721763305447,"57865_txt_utf-8":1.0849725812196707,"1282-0_txt":1.3753587759938408,"32921_txt_utf-8":1.2005521979113412,"35753_txt_utf-8":1.3460241123341772,"42784_txt_utf-8":1.3930754725022463,"2258_txt_utf-8":1.2812262174543871,"37360_txt_utf-8":1.3213287224468633,"35794-0_txt":1.1349262164137386,"37979_txt_utf-8":1.4467981074563467,"33666_txt_utf-8":1.392362239854251,"38140_txt_utf-8":1.0852744508110395,"53280-0_txt":1.4197764348729005,"50735-0_txt":1.3275183000477648,"7891-0_txt":1.4534814413265964,"25942-0_txt":1.3130123779837917,"240_txt_utf-8":1.4620455125294458,"20706_txt_utf-8":1.1166942722483633,"40952-0_txt":1.3545160257590936,"5539_txt_utf-8":1.384725414089058,"44693-0_txt":1.359132071453374,"57757-0_txt":1.4563901089269495,"6642_txt_utf-8":1.1082544117569022,"36139_txt_utf-8":1.3288600085745839,"49828-0_txt":1.0835636919533307,"35352-0_txt":1.4013862581478331,"51343_txt_utf-8":1.4175861132452534,"920_txt_utf-8":1.3436569952691206,"33014_txt_utf-8":1.3930743778463057,"12589_txt_utf-8":1.3757264969779865,"20733_txt_utf-8":1.3975190982766843,"17657_txt_utf-8":1.1120992912832948,"47756-0_txt":1.1127930280928238,"28269_txt_utf-8":1.2883293612983462},"indexage":{}}}