{"Base de Gutenberg":{"graphe":{},"closeness":{"38681-0_txt":1.270631752764645,"23596-0_txt":1.096229833303648,"57644-0_txt":1.4301537702319478,"28512_txt_utf-8":1.3736855735939624,"56510-0_txt":1.406093723363585,"11897-0_txt":1.3512900319032204,"5626_txt_utf-8":1.3792333583736287,"44197-0_txt":1.1228599137255504,"45411-0_txt":1.095065510865866,"18193_txt_utf-8":1.3494193985598073,"28721-0_txt":1.1907573695643132,"24157_txt_utf-8":1.421338963035559,"22816_txt_utf-8":1.3861735223162768,"54973_txt_utf-8":1.391909517749673,"59439-0_txt":1.3993205222863063,"54496_txt_utf-8":1.371648560940228,"51976-0_txt":1.3176574383997552,"13808-0_txt":1.0843693264263075,"49702_txt_utf-8":1.1074637223533481,"44340_txt_utf-8":1.3397340511307907,"24364_txt_utf-8":1.3116731080880064,"24641-0_txt":1.3496164168043883,"18433_txt_utf-8":1.0725023164761882,"10593_txt_utf-8":1.4122699236094889,"49060-0_txt":1.3947390496928886,"26010_txt_utf-8":1.426107803999688,"42281_txt_utf-8":1.3787906243457981,"58839-0_txt":1.3457895668177644,"29342_txt_utf-8":1.107264580909813,"38138_txt_utf-8":1.392943136256355,"57204-0_txt":1.0862646895452641,"5447_txt_utf-8":1.3914814003434843,"858_txt_utf-8":1.4533809675584108,"29020_txt_utf-8":1.439306139445731,"42550_txt_utf-8":1.4113667892220294,"32948-0_txt":1.093039030599967,"22278_txt_utf-8":1.359789051224721,"26478_txt_utf-8":1.3776167802856145,"11343_txt_utf-8":1.4068144672161198,"9855_txt_utf-8":1.4298249436189874,"34288_txt_utf-8":1.1087471758298562,"41536_txt_utf-8":1.352013107779492,"37641-0_txt":1.1347440315479627,"29108_txt_utf-8":1.436875225600286,"15481_txt_utf-8":1.4792503696100328,"23381_txt_utf-8":1.4811640869029334,"12002_txt_utf-8":1.3884408591135533,"42819_txt_utf-8":1.3776232277366096,"29611_txt_utf-8":1.427759007291988,"30036_txt_utf-8":1.3522880313361316},"indexage":{}}}