{"Base de Gutenberg":{"graphe":{},"closeness":{"54506-0_txt":1.413466226863875,"38004_txt_utf-8":1.266810754596042,"51464-0_txt":1.079503378364864,"18943_txt_utf-8":1.3992507182179315,"51723_txt_utf-8":1.4557694123933185,"47331_txt_utf-8":1.4071654509235059,"2289_txt_utf-8":1.3926589450466436,"5676_txt_utf-8":1.4133117299241984,"5549_txt_utf-8":1.3868741648923995,"40666-0_txt":1.358637566335696,"40593_txt_utf-8":1.4404843245456362,"854-0_txt":1.379742369308699,"7016_txt_utf-8":1.3910722609397503,"46951-0_txt":1.398931176081901,"28099_txt_utf-8":1.4462931542693598,"28549_txt_utf-8":1.3561083025733285,"40328-0_txt":1.0991204645218084,"52057-0_txt":1.342559072931625,"32544_txt_utf-8":1.3872273521214797,"71-0_txt":1.3851796511835237,"33644_txt_utf-8":1.3426649067200074,"24892_txt_utf-8":1.4797241042359457,"48263-0_txt":1.4479597326992422,"36908_txt_utf-8":1.376872622770073,"43167-0_txt":1.335160386662092,"23635_txt_utf-8":1.3247914808884849,"32702_txt_utf-8":1.3963866376264908,"22831_txt_utf-8":1.3524431352921389,"21731_txt_utf-8":1.4688234942821852,"37049_txt_utf-8":1.3293214549054924,"45103_txt_utf-8":1.3494204498685296,"58405-0_txt":1.358167227279702,"39315_txt_utf-8":1.3807046840491757,"29949_txt_utf-8":1.3368516555827223,"52848-0_txt":1.3516953218116603,"12844_txt_utf-8":1.0930600013402825,"27008_txt_utf-8":1.3816436909268164,"30334-0_txt":1.4130666959137492,"22355_txt_utf-8":1.0749344478121505,"57859-0_txt":1.3638251591086739,"31267_txt_utf-8":1.190405610935901,"37941_txt_utf-8":1.1120797607339008,"16567_txt_utf-8":1.4028767685643941,"46164-0_txt":1.090451153113225,"11653_txt_utf-8":1.3768357589408888,"16306_txt_utf-8":1.39381789560443,"37194_txt_utf-8":1.362390549675923,"42499_txt_utf-8":1.3839052420557136,"56273_txt_utf-8":1.0777760781646661,"33084_txt_utf-8":1.3866886893406787},"indexage":{}}}