{"Base de Gutenberg":{"graphe":{},"closeness":{"58263-0_txt":1.4322118344854897,"25114_txt_utf-8":1.1066698890771112,"33595-0_txt":1.1167866728439104,"36830_txt_utf-8":1.4633915720784596,"57474-0_txt":1.3589568960998835,"58210-0_txt":1.317286821676599,"4532_txt_utf-8":1.3668156883578568,"48339-0_txt":1.404311025957457,"51115_txt_utf-8":1.3396770625525205,"24817-0_txt":1.1190608130713895,"42572-0_txt":1.4093144651658074,"15252_txt_utf-8":1.440319026162824,"56108_txt_utf-8":1.0804404008735022,"22170_txt_utf-8":1.4230414854512154,"44850_txt_utf-8":1.3345254539941427,"17973_txt_utf-8":1.4126497301290204,"56693-0_txt":1.3841298067430716,"20144_txt_utf-8":1.3290529849164996,"14952_txt_utf-8":1.3837206691284247,"36770_txt_utf-8":1.3305953511182371,"59090-0_txt":1.352549215229469,"16326_txt_utf-8":1.1175189904620049,"13939_txt_utf-8":1.3676859096970384,"56532-0_txt":1.0926382168519562,"52500-0_txt":1.3721790353018284,"40250_txt_utf-8":1.3391483418286567,"25461_txt_utf-8":1.4448908042512356,"53041-0_txt":1.3819626279206847,"47890-0_txt":1.090589290141676,"3767-0_txt":1.4170726444419413,"44013-0_txt":1.3709914967499226,"47210_txt_utf-8":1.0713852625539457,"14847_txt_utf-8":1.076919766649255,"53694-0_txt":1.1155394428300105,"17602-0_txt":1.131108554398307,"12734_txt_utf-8":1.343013075606255,"45600_txt_utf-8":1.103530874690394,"47713_txt_utf-8":1.0995594899554995,"46963-0_txt":1.3316595595125968,"16534_txt_utf-8":1.3294647884741764,"6157-0_txt":1.4595507248143926,"22465_txt_utf-8":1.0890896976075704,"12762_txt_utf-8":1.3165932159102058,"59362-0_txt":1.2729515873943096,"8994_txt_utf-8":1.3389309414219956,"52767-0_txt":1.3928337519168235,"34178_txt_utf-8":1.0949796873900102,"19389_txt_utf-8":1.2811766985732869,"41931_txt_utf-8":1.086160392061716,"25356_txt_utf-8":1.400326478227605},"indexage":{}}}