{"Base de Gutenberg":{"graphe":{},"closeness":{"16954_txt_utf-8":1.3380104947768807,"30264_txt_utf-8":1.4422383162520722,"34894_txt_utf-8":1.4157611091670308,"11094_txt_utf-8":1.4119984451837093,"42203_txt_utf-8":1.4249264018842682,"17445_txt_utf-8":1.3415470894393833,"41173_txt_utf-8":1.4062544538640382,"4617_txt_utf-8":1.3680851079765135,"32460_txt_utf-8":1.3855086988872658,"8675-0_txt":1.4308011431515577,"27463_txt_utf-8":1.3786628906876333,"8499_txt_utf-8":1.366392929456922,"51796-0_txt":1.3489297150072654,"56708-0_txt":1.0847180958754847,"15649_txt_utf-8":1.352838968246141,"15320_txt_utf-8":1.4092249216089303,"45494_txt_utf-8":1.408960422201965,"3713-0_txt":1.4291701072415623,"31164-0_txt":1.1100421161782978,"4737-0_txt":1.354842966802365,"6313_txt_utf-8":1.387539817636129,"19888_txt_utf-8":1.0767222701932562,"31760_txt_utf-8":1.3924882257885387,"26763_txt_utf-8":1.0934468290254915,"6204_txt_utf-8":1.3817190903656376,"2136-0_txt":1.3329650315004289,"1110_txt_utf-8":1.290499839434838,"24642-0_txt":1.3633488003384235,"21398_txt_utf-8":1.38933452369868,"36820_txt_utf-8":1.3849954367284045,"42783_txt_utf-8":1.396194240550186,"11702_txt_utf-8":1.3270277475783403,"35246_txt_utf-8":1.382577508257778,"12947_txt_utf-8":1.4508746815815248,"55472-0_txt":1.3523903293371482,"51160-0_txt":1.304316871520093,"7022_txt_utf-8":1.0710468335074352,"17179-0_txt":1.2526538062011614,"27579_txt_utf-8":1.4132508837360704,"35727-0_txt":1.438878223970657,"28302_txt_utf-8":1.4330664377202338,"23385_txt_utf-8":1.466301463727956,"32742_txt_utf-8":1.4000006100190885,"51344_txt_utf-8":1.3706862335600465,"59956-0_txt":1.4118975567985501,"93-0_txt":1.3901054782871256,"29488_txt_utf-8":1.4081265254569888,"8250_txt_utf-8":1.3084306962848027,"3077-0_txt":1.3736228168538687,"5385_txt_utf-8":1.4425398330179096},"indexage":{}}}