{"Base de Gutenberg":{"graphe":{},"closeness":{"17014_txt_utf-8":1.4187875697244785,"44606-0_txt":1.325377901355675,"48037-0_txt":1.0992045941550168,"32489-0_txt":1.3995125234153503,"30795_txt_utf-8":1.3072629828013898,"1196-0_txt":1.4097392801087367,"18414_txt_utf-8":1.4717551765132977,"57905-0_txt":1.4008861792557328,"12555_txt_utf-8":1.3798990233480046,"29867_txt_utf-8":1.207563953463897,"30534_txt_utf-8":1.3916408149639048,"17484_txt_utf-8":1.1038881932191913,"19181_txt_utf-8":1.470302376282831,"36898_txt_utf-8":1.366520142858796,"30377_txt_utf-8":1.3841507071735573,"42595_txt_utf-8":1.4480201069057281,"39354-0_txt":1.1159584721932636,"20133_txt_utf-8":1.3288941722943466,"20659_txt_utf-8":1.4158518619625953,"49235-0_txt":1.382238565929045,"31690_txt_utf-8":1.3708821315703956,"39574-0_txt":1.3721240034800126,"5070_txt_utf-8":1.3832788524130717,"46281_txt_utf-8":1.3327749037422176,"39914_txt_utf-8":1.39939469574857,"21672_txt_utf-8":1.3441237297334376,"4504_txt_utf-8":1.109191577247171,"6778_txt_utf-8":1.363641046930991,"320_txt_utf-8":1.105677707769107,"55612-0_txt":1.3868986316051262,"30133_txt_utf-8":1.4052243341773634,"23182-0_txt":1.379433232714332,"59694-0_txt":1.3740400138386297,"57300-0_txt":1.3698920110634085,"24202_txt_utf-8":1.4219263200225383,"27990_txt_utf-8":1.4069235073844872,"42373-0_txt":1.0690143502164229,"59313-0_txt":1.4578421768338847,"50484-0_txt":1.326430169788627,"32233_txt_utf-8":1.3813497567956103,"26379_txt_utf-8":1.396215433998927,"15609_txt_utf-8":1.3504822715713796,"39014_txt_utf-8":1.3031401692156817,"15019_txt_utf-8":1.287131380645344,"51402-0_txt":1.0988638825121742,"57347-0_txt":1.3325611765485479,"11321_txt_utf-8":1.430738756969285,"9482-0_txt":1.4341028583911402,"27324_txt_utf-8":1.450181579433021,"50045-0_txt":1.4464192269316867},"indexage":{}}}