{"Base de Gutenberg":{"graphe":{},"closeness":{"34215_txt_utf-8":1.3747478244515685,"27097_txt_utf-8":1.3548674463450765,"7983_txt_utf-8":1.2644606316277005,"17756-0_txt":1.3711734053839846,"985-0_txt":1.448472462019275,"8774_txt_utf-8":1.3191559883860595,"41999_txt_utf-8":1.380072430602364,"26715_txt_utf-8":1.3767089256267597,"56085_txt_utf-8":1.3927610248992666,"19453_txt_utf-8":1.4092249463855482,"35820_txt_utf-8":1.3918660185582927,"17172_txt_utf-8":1.3823430377798955,"30676_txt_utf-8":1.3690434386812638,"10468_txt_utf-8":1.3900896618286311,"49069-0_txt":1.2328832372251914,"44372_txt_utf-8":1.0979245089466627,"7101_txt_utf-8":1.3759710710612059,"51233_txt_utf-8":1.3769172361058908,"59957-0_txt":1.3645600935157076,"21503_txt_utf-8":1.3627109702802571,"11351_txt_utf-8":1.3675642877773928,"15858_txt_utf-8":1.3288827295433818,"46299-0_txt":1.4291178044206077,"16590_txt_utf-8":1.0936768211723722,"42037_txt_utf-8":1.3642648071234396,"47518_txt_utf-8":1.3576390377263003,"44779-0_txt":1.451370058315322,"45797_txt_utf-8":1.40348888654735,"1509_txt_utf-8":1.2832829666347492,"56745-0_txt":1.115373654259009,"11258_txt_utf-8":1.3037196949897991,"21412_txt_utf-8":1.3719703092229738,"31867_txt_utf-8":1.3861572140664207,"21220_txt_utf-8":1.4022791953093716,"12567_txt_utf-8":1.414853329158737,"55874-0_txt":1.0903168971732071,"3005_txt_utf-8":1.3739819381607736,"37660-0_txt":1.3984765822679346,"47845_txt_utf-8":1.4277555455675306,"4904_txt_utf-8":1.3056502173930127,"53581-0_txt":1.4075479831691309,"5543_txt_utf-8":1.3683639691998628,"56205-0_txt":1.2469811400140314,"42826-0_txt":1.3493033285302838,"19306_txt_utf-8":1.0734269967361512,"56518-0_txt":1.1257554543436568,"30829_txt_utf-8":1.4422137045070857,"53528_txt_utf-8":1.115441520192636,"9891_txt_utf-8":1.097191668088092,"51580-0_txt":1.3620502342254543},"indexage":{}}}