{"Base de Gutenberg":{"graphe":{},"closeness":{"58020-0_txt":1.397729606978705,"20195_txt_utf-8":1.354065758430971,"36579_txt_utf-8":1.4467674969959956,"26949-0_txt":1.0765243979984505,"53904_txt_utf-8":1.341396802729997,"37182_txt_utf-8":1.349448621653946,"50733-0_txt":1.071931565655262,"53432-0_txt":1.2775924120345719,"51522_txt_utf-8":1.350363183587325,"3634_txt_utf-8":1.3738697134946636,"54130-0_txt":1.3841165463907907,"18351_txt_utf-8":1.2989237969083194,"25646-0_txt":1.3997125679490423,"35277_txt_utf-8":1.3776772891043128,"10127_txt_utf-8":1.4394837918755388,"57643-0_txt":1.370971486541354,"53601-0_txt":1.3749447298664323,"13868_txt_utf-8":1.098673679976973,"12493_txt_utf-8":1.4670710588765596,"20554_txt_utf-8":1.0809738799977435,"20699_txt_utf-8":1.413264706596849,"15155_txt_utf-8":1.4056620650458311,"56846-0_txt":1.4124913838242423,"30447_txt_utf-8":1.4087813833565461,"30395-0_txt":1.0923360741695927,"58887-0_txt":1.3038441533639473,"25880_txt_utf-8":1.4210193892148335,"44927_txt_utf-8":1.4522235890471578,"34743_txt_utf-8":1.3311505977711997,"3843_txt_utf-8":1.3331144365272054,"51924-0_txt":1.4564941109713632,"57584-0_txt":1.3866933650263809,"57843_txt_utf-8":1.4784840528072234,"17010_txt_utf-8":1.0743123559082786,"13216_txt_utf-8":1.075554146580074,"9789_txt_utf-8":1.3803372782687318,"50532-0_txt":1.2975521655308986,"28628_txt_utf-8":1.324992141779311,"57190-0_txt":1.3535280908955025,"61_txt_utf-8":1.337599521998346,"4141_txt_utf-8":1.3837502215915145,"20456_txt_utf-8":1.335236475642013,"35868_txt_utf-8":1.0747230095350264,"5659_txt_utf-8":1.4166447095946064,"54818-0_txt":1.2972016063688625,"42606_txt_utf-8":1.2918026164432992,"13521_txt_utf-8":1.3926733133286047,"33932_txt_utf-8":1.2577043679097388,"48492-0_txt":1.3709967644439585,"15521_txt_utf-8":1.384916913949154},"indexage":{}}}