{"Base de Gutenberg":{"graphe":{},"closeness":{"17841_txt_utf-8":1.4017550092670468,"32564_txt_utf-8":1.4433854197859493,"4813_txt_utf-8":1.3410353465087135,"2340_txt_utf-8":1.0579985383671824,"5526_txt_utf-8":1.389726976505134,"57604-0_txt":1.4515505638943538,"45546_txt_utf-8":1.4052509604746615,"41616_txt_utf-8":1.3914408102743019,"53459-0_txt":1.0941693080050017,"6692_txt_utf-8":1.3981762669822582,"55067-0_txt":1.3765967042669638,"39090_txt_utf-8":1.4420613840724594,"35251_txt_utf-8":1.3975278683403105,"27536_txt_utf-8":1.0965413994512625,"47572_txt_utf-8":1.0797083039454747,"21464_txt_utf-8":1.4475793660388996,"31312_txt_utf-8":1.3875379769507492,"8722_txt_utf-8":1.3424912546915813,"45076_txt_utf-8":1.4230893757962213,"37976_txt_utf-8":1.418854585464937,"21203_txt_utf-8":1.3708447545483202,"57765-0_txt":1.0823129902423216,"37902_txt_utf-8":1.094135004290354,"22467_txt_utf-8":1.4083352231964192,"2862-0_txt":1.3955697863672463,"50519-0_txt":1.3272010763054767,"11920_txt_utf-8":1.3608876318231804,"1596_txt_utf-8":1.370593754988097,"20182_txt_utf-8":1.1013969715494443,"29850_txt_utf-8":1.3476678494727623,"4383_txt_utf-8":1.3798232809179773,"23376_txt_utf-8":1.4207231238168974,"42946_txt_utf-8":1.382763043598348,"55150-0_txt":1.32194962864516,"6666-0_txt":1.3761144828023575,"28493_txt_utf-8":1.3587473751188275,"14767_txt_utf-8":1.3992508759510818,"8238_txt_utf-8":1.3348869614734291,"50552-0_txt":1.3207690439508457,"19105_txt_utf-8":1.4104869573098213,"49475-0_txt":1.3743358038463664,"38927_txt_utf-8":1.3112318498569377,"9077_txt_utf-8":1.2751202643468145,"51229_txt_utf-8":1.3435665769183553,"47458_txt_utf-8":1.1254549594256946,"55815-0_txt":1.359901020490513,"27472_txt_utf-8":1.411911386602728,"43008-0_txt":1.4055384765790078,"35590_txt_utf-8":1.3990775359736793,"5671-0_txt":1.3835167785905222},"indexage":{}}}