{"1091_txt_utf-8":1.475712338726154,"10588_txt_utf-8":1.455820241001757,"10873_txt_utf-8":1.246478390624158,"10605_txt_utf-8":1.5177875679465034,"10846_txt_utf-8":1.5242702396372019,"10069_txt_utf-8":1.1567525188816832,"10381_txt_utf-8":1.3777019245598245,"11018_txt_utf-8":1.377489479705776,"10096_txt_utf-8":1.275994334206421,"10665_txt_utf-8":1.4764259881374449,"10620_txt_utf-8":1.251862492259573,"10343_txt_utf-8":1.3652135297432524,"10454_txt_utf-8":1.55737671666144,"10362_txt_utf-8":1.4549599885809825,"10135_txt_utf-8":1.5646825703043976,"10116_txt_utf-8":1.4311638304546932,"10520_txt_utf-8":1.2444217025701898,"10728_txt_utf-8":1.4479170367293488,"10338_txt_utf-8":1.3068615601672031,"10609_txt_utf-8":1.2930618913607783,"10127_txt_utf-8":1.4257533754878522,"10468_txt_utf-8":1.475449360749682,"10123_txt_utf-8":1.4923412045325748,"10800_txt_utf-8":1.1324069260638177,"10084_txt_utf-8":1.4253133653521306,"10593_txt_utf-8":1.4899281693007023,"10039-0_txt":1.3285144599577752,"10351_txt_utf-8":1.2818238784383875,"10458_txt_utf-8":1.357705324832513,"10922_txt_utf-8":1.5566838296286416,"1066-0_txt":1.4514733293942412,"10432_txt_utf-8":1.5017876598286728,"10460_txt_utf-8":1.3689894816205834,"10929_txt_utf-8":1.494592354892158,"10130_txt_utf-8":1.3382605687615108,"108-0_txt":1.4758377567597294,"11035_txt_utf-8":1.047818911245687,"10129_txt_utf-8":1.4829024549049419,"10826_txt_utf-8":1.4444123885971918,"10325_txt_utf-8":1.4976750296084145,"10690_txt_utf-8":1.331646266961345,"10094_txt_utf-8":1.529884035754758,"10885_txt_utf-8":1.5002218081782797,"10119_txt_utf-8":1.4548074538034745,"10872_txt_utf-8":1.2759077090628783,"1008_txt_utf-8":1.339465988809442,"10363_txt_utf-8":1.4191875202525313,"1053-0_txt":1.5294134159572532,"10827_txt_utf-8":1.3748914758938544,"10708_txt_utf-8":1.5386077742976743}