{"Base de Gutenberg":{"graphe":{"fichier2_txt":{"fichier1_txt":0.8333333333333334,"fichier3_txt":0.8333333333333334}},"closeness":{},"indexage":{}}}