{"Base de Gutenberg":{"graphe":{},"closeness":{"fichier1_txt":1.1830985915492958,"fichier2_txt":1.2,"fichier3_txt":1.1830985915492958},"indexage":{}}}