{"Base de Gutenberg":{"graphe":{},"closeness":{"51485_txt_utf-8":1.0997085374569755,"2137-0_txt":1.1702755924092039,"54130-0_txt":1.134262856993514},"indexage":{}}}