{"Base de Gutenberg":{"graphe":{},"closeness":{"37049_txt_utf-8":1.2938234954867331,"51485_txt_utf-8":1.1007217505479752,"12803_txt_utf-8":1.3779413577839412,"51809_txt_utf-8":1.351294272188145,"36091_txt_utf-8":1.3397850576857633,"4483_txt_utf-8":1.3546908659726542,"19315_txt_utf-8":1.3393557329441488,"1841-0_txt":1.3636448680031161,"27135_txt_utf-8":1.3231275700301872,"32948-0_txt":1.089006004060071,"48714_txt_utf-8":1.2912474998617411,"50162-0_txt":1.3647824266693673,"39107_txt_utf-8":1.1166188899854006,"51823_txt_utf-8":1.3869752522502896,"12022_txt_utf-8":1.3783839190790268,"2071-0_txt":1.3585920021210722,"5011_txt_utf-8":1.2856293781450627,"19105_txt_utf-8":1.3784734696509378,"18072_txt_utf-8":1.0917682240781978,"9989_txt_utf-8":1.3516280571869104,"22355_txt_utf-8":1.0705109046017438,"54130-0_txt":1.3285483962269087,"920_txt_utf-8":1.3187148021833264,"13069_txt_utf-8":1.3305100617339074,"48037-0_txt":1.1027848308185986,"51861-0_txt":1.3629620072775148,"39099_txt_utf-8":1.0836958228294038,"17393_txt_utf-8":1.3692970794492982,"2137-0_txt":1.2706445070308356,"26480-0_txt":1.0695607603964954,"29539_txt_utf-8":1.0755050830923327,"2267_txt_utf-8":1.2438010408551583,"6307_txt_utf-8":1.364234367246182,"13783_txt_utf-8":1.308876900118505,"6822_txt_utf-8":1.1103440109922518,"56331_txt_utf-8":1.2998863756020982,"44748_txt_utf-8":1.3746804744096317,"48583_txt_utf-8":1.4223841165322788,"35590_txt_utf-8":1.345188750233077,"4814_txt_utf-8":1.3218746633352505},"indexage":{}}}